File_name,ram_percent,ram,flash,Code,RO_data,RW_data,ZI_data
startup_at32m412_416.o,54.294804%,8192,480,36,444,0,8192
lto-llvm-1ddb82.o,44.976139%,6786,77928,67360,10144,424,6362
at32_usart.o,0.238600%,36,194,194,0,0,36
mc_w.l,0.132556%,20,3184,3164,0,20,0
bsp_lcd_spi.o,0.132556%,20,792,792,0,0,20
lcd_init.o,0.092789%,14,1154,1154,0,0,14
mvars.o,0.053022%,8,8,0,0,8,0
stdout.o,0.026511%,4,4,0,0,4,0
stderr.o,0.026511%,4,4,0,0,4,0
errno.o,0.026511%,4,16,12,0,4,0
